INSERT  INTO rooms (id, room_number, room_category, price) VALUES (1, 101, 'SINGLE', 100);
INSERT  INTO rooms (id, room_number, room_category, price) VALUES (2, 102, 'SINGLE', 100);
INSERT  INTO rooms (id, room_number, room_category, price) VALUES (3, 103, 'DOUBLE', 200);
INSERT  INTO rooms (id, room_number, room_category, price) VALUES (4, 104, 'DOUBLE', 200);
INSERT  INTO rooms (id, room_number, room_category, price) VALUES (5, 105, 'DOUBLE', 200);
INSERT  INTO rooms (id, room_number, room_category, price) VALUES (6, 201, 'DOUBLE', 200);
INSERT  INTO rooms (id, room_number, room_category, price) VALUES (7, 202, 'DOUBLE', 200);
INSERT  INTO rooms (id, room_number, room_category, price) VALUES (8, 203, 'LUX', 300);
INSERT  INTO rooms (id, room_number, room_category, price) VALUES (9, 204, 'LUX', 300);
INSERT  INTO rooms (id, room_number, room_category, price) VALUES (10, 205, 'LUX', 300);
INSERT  INTO rooms (id, room_number, room_category, price) VALUES (11, 301, 'SINGLE', 100);
INSERT  INTO rooms (id, room_number, room_category, price) VALUES (12, 302, 'SINGLE', 100);
INSERT  INTO rooms (id, room_number, room_category, price) VALUES (13, 303, 'SINGLE', 100);
INSERT  INTO rooms (id, room_number, room_category, price) VALUES (14, 304, 'SUPER_LUX', 500);
INSERT  INTO rooms (id, room_number, room_category, price) VALUES (15, 305, 'SUPER_LUX', 500);
INSERT  INTO rooms (id, room_number, room_category, price) VALUES (16, 401, 'LUX', 300);
INSERT  INTO rooms (id, room_number, room_category, price) VALUES (17, 402, 'LUX', 300);
INSERT  INTO rooms (id, room_number, room_category, price) VALUES (18, 403, 'SUPER_LUX', 500);
INSERT  INTO rooms (id, room_number, room_category, price) VALUES (19, 404, 'SUPER_LUX', 500);
INSERT  INTO rooms (id, room_number, room_category, price) VALUES (20, 405, 'SUPER_LUX', 500);

INSERT  INTO users (id, username) VALUES (1, 'John');
INSERT  INTO users (id, username) VALUES (2, 'Donald');
INSERT  INTO users (id, username) VALUES (3, 'Trevor');
INSERT  INTO users (id, username) VALUES (4, 'Terry');
INSERT  INTO users (id, username) VALUES (5, 'Kenny');

INSERT  INTO additional_options (id, option_type, price) VALUES (1, 'BREAKFAST', 50);
INSERT  INTO additional_options (id, option_type, price) VALUES (2, 'CLEANING', 30);
INSERT  INTO additional_options (id, option_type, price) VALUES (3, 'LAUNDRY', 45);

INSERT  INTO rooms_additional_options (room_id, additional_option_id) VALUES (1, 1);
INSERT  INTO rooms_additional_options (room_id, additional_option_id) VALUES (2, 1);
INSERT  INTO rooms_additional_options (room_id, additional_option_id) VALUES (11, 1);
INSERT  INTO rooms_additional_options (room_id, additional_option_id) VALUES (12, 1);
INSERT  INTO rooms_additional_options (room_id, additional_option_id) VALUES (13, 1);
INSERT  INTO rooms_additional_options (room_id, additional_option_id) VALUES (3, 1);
INSERT  INTO rooms_additional_options (room_id, additional_option_id) VALUES (4, 1);
INSERT  INTO rooms_additional_options (room_id, additional_option_id) VALUES (5, 1);
INSERT  INTO rooms_additional_options (room_id, additional_option_id) VALUES (6, 1);
INSERT  INTO rooms_additional_options (room_id, additional_option_id) VALUES (7, 1);
INSERT  INTO rooms_additional_options (room_id, additional_option_id) VALUES (8, 1);
INSERT  INTO rooms_additional_options (room_id, additional_option_id) VALUES (9, 1);
INSERT  INTO rooms_additional_options (room_id, additional_option_id) VALUES (10, 1);
INSERT  INTO rooms_additional_options (room_id, additional_option_id) VALUES (16, 1);
INSERT  INTO rooms_additional_options (room_id, additional_option_id) VALUES (17, 1);
INSERT  INTO rooms_additional_options (room_id, additional_option_id) VALUES (8, 2);
INSERT  INTO rooms_additional_options (room_id, additional_option_id) VALUES (9, 2);
INSERT  INTO rooms_additional_options (room_id, additional_option_id) VALUES (10, 2);
INSERT  INTO rooms_additional_options (room_id, additional_option_id) VALUES (16, 2);
INSERT  INTO rooms_additional_options (room_id, additional_option_id) VALUES (17, 2);
INSERT  INTO rooms_additional_options (room_id, additional_option_id) VALUES (14, 1);
INSERT  INTO rooms_additional_options (room_id, additional_option_id) VALUES (15, 1);
INSERT  INTO rooms_additional_options (room_id, additional_option_id) VALUES (18, 1);
INSERT  INTO rooms_additional_options (room_id, additional_option_id) VALUES (19, 1);
INSERT  INTO rooms_additional_options (room_id, additional_option_id) VALUES (20, 1);
INSERT  INTO rooms_additional_options (room_id, additional_option_id) VALUES (14, 2);
INSERT  INTO rooms_additional_options (room_id, additional_option_id) VALUES (15, 2);
INSERT  INTO rooms_additional_options (room_id, additional_option_id) VALUES (18, 2);
INSERT  INTO rooms_additional_options (room_id, additional_option_id) VALUES (19, 2);
INSERT  INTO rooms_additional_options (room_id, additional_option_id) VALUES (20, 2);
INSERT  INTO rooms_additional_options (room_id, additional_option_id) VALUES (14, 3);
INSERT  INTO rooms_additional_options (room_id, additional_option_id) VALUES (15, 3);
INSERT  INTO rooms_additional_options (room_id, additional_option_id) VALUES (18, 3);
INSERT  INTO rooms_additional_options (room_id, additional_option_id) VALUES (19, 3);
INSERT  INTO rooms_additional_options (room_id, additional_option_id) VALUES (20, 3);

INSERT  INTO booked_rooms (id, room_id, user_id, start_date, end_date) VALUES (1, 1, 1, '2019-10-16 16:0:0.0', '2019-10-27 15:0:0.0');
INSERT  INTO booked_rooms (id, room_id, user_id, start_date, end_date) VALUES (2, 1, 1, '2019-08-16 16:0:0.0', '2019-08-23 15:0:0.0');
INSERT  INTO booked_rooms (id, room_id, user_id, start_date, end_date) VALUES (3, 2, 2, '2019-09-15 16:0:0.0', '2019-10-22 15:0:0.0');
INSERT  INTO booked_rooms (id, room_id, user_id, start_date, end_date) VALUES (4, 8, 3, '2019-05-01 16:0:0.0', '2019-05-03 15:0:0.0');
INSERT  INTO booked_rooms (id, room_id, user_id, start_date, end_date) VALUES (5, 7, 4, '2019-06-10 16:0:0.0', '2019-06-12 15:0:0.0');
INSERT  INTO booked_rooms (id, room_id, user_id, start_date, end_date) VALUES (6, 12, 5, '2019-05-12 16:0:0.0', '2019-05-16 15:0:0.0');
INSERT  INTO booked_rooms (id, room_id, user_id, start_date, end_date) VALUES (7, 9, 5, '2019-11-04 16:0:0.0', '2019-11-23 15:0:0.0');
INSERT  INTO booked_rooms (id, room_id, user_id, start_date, end_date) VALUES (8, 10, 2, '2019-10-11 16:0:0.0', '2019-10-13 15:0:0.0');
INSERT  INTO booked_rooms (id, room_id, user_id, start_date, end_date) VALUES (9, 19, 4, '2019-08-13 16:0:0.0', '2019-08-20 15:0:0.0');
INSERT  INTO booked_rooms (id, room_id, user_id, start_date, end_date) VALUES (10, 16, 1, '2019-07-15 16:0:0.0', '2019-07-16 15:0:0.0');
INSERT  INTO booked_rooms (id, room_id, user_id, start_date, end_date) VALUES (11, 3, 4, '2019-12-10 16:0:0.0', '2019-12-23 15:0:0.0');
INSERT  INTO booked_rooms (id, room_id, user_id, start_date, end_date) VALUES (12, 5, 3, '2019-04-15 16:0:0.0', '2019-04-17 15:0:0.0');
